"MAN OF STEEL","天气之子又名广告之子，连我国的海尔都强行打了一波广告，海诚哥的电影必有元素，天空，四季，云彩，彩虹，铁路，城市全景。以及放不下对胸的执念。女二号永远都比女一号好看，男主永远都是最艮的。立花泷和三叶强行乱入难不成是要打造新海诚电影宇宙？个人觉得你的名字高于天气之子。"
"六道恭弥","打2分的是认真的吗。我觉得比起前几作有很大突破。男主傻缺中二为了爱情宁愿全世界下雨，这种不完美和躁动才是青春期的完美体现，得知女主真实年龄之后不管身边的警察，为了去找女主连枪都使，这种无畏的不理性的自负的看似自私的举动难道不就是那个年纪的爱情吗？？这个世界是有很多乖乖娃，但是这不是这部作品想要表达的东西，没看懂的憋插嘴，敢于挑战不完美的角色和剧情才能证明监督的水准，没有逻辑就是最好的逻辑"
"Saga","画质一如既往无可挑剔，剧情上争议可能会有点大。看的时候京都已经连续下了二十天雨了。俺、100パーセントの雨男😂"
"efuchan","看懵了，无法评论这个故事。但第一感觉就是羡慕。随便一个离家出走就能遇到双马尾美少女和nicebody大姐姐，美少女还附送了个会女装的弟弟，更过分的是顺带连猫都有了…我也离家出走过怎么就没这么好的事情，生气了。"
"困扁头","190719涩谷东宝：“你知道，就算大雨让这座城市颠倒，我会给你怀抱。受不了看见放晴天来到。”"
"桃桃林林","7分，画面和音乐还是没得挑。剧情部分似乎被吐槽很多，但我还挺喜欢的。一部特别中二与少年气的电影，甚至有点不懂事一般的不管不顾，这反倒是我最受用的地方。小栗旬的角色恰好就是男主的另一种对应，人嘛，有时候就是该疯一点，顾虑太多就越来越没劲了。当然，剧情确实还是有些没那么顺的地方，但是，有喜欢的部分就够了。"
"一猫眼用户","在日本刚刚从电影院出来。最后的结局处理太精彩了，音乐和画面完美融合，新海诚和RAD共同交上了一份远超完美的答卷！！"
"Dimmel🌈","三年前，新海诚终于让男女主相遇了。今天，他不仅让他们相遇了，还相认了，可以光明正大的he了。不知道下一部的男女主会不会结婚（偷笑）——看首映的同学"
"木下フランコ","9点日本全国一齐上映场，看完真的晴天了。很多画面是在东京住过一段时间才会有更深的感触，诚哥的进步没有言叶到君名那么大，但是炎炎夏日为了重要的人在山手线上狂奔真的比在糸守町的山路上更让我落泪啊。"
"陆支羽","3.5。那句“东京原本就是海”真的盘活了这部电影。"
"讲叽丸","果然动画就是让人做梦的啊！今天刚好是来东京第3年零2天，3年前的夏天第一次在影院看到新海诚的作品，深受感动，时隔三年又在同一家影院看到了新海诚的新动画，里面出现的新宿、池袋以及东京的各种景色在今天的我的眼里已经变成可以与记忆相连的画面，在我见证梦境的发生时又与我的生活息息相关。坐在动画中出现的影院，恰好又坐着和帆高一样的公交车白61往返新宿，有一种自己也是生活在梦境里的错觉。不同的是，动画里东京的雨三年不止，而现实中今天，东京梅雨戛止，天气初晴。"
"私~川流","这是一个混乱中立者的自白：世界本来就是疯狂的，那就让全球变暖吧，让东京淹没吧，让文明回到原来的状态吧；而我只要想你，见你，抱抱你。//另外片中有彩蛋。"
"夏野","洋次郎的声音在电影中听到简直无法抗拒，直接让你带入电影，新海诚剪辑还是一往即如的稳，剧情也是稳到不行，绝对今年爆款！🌨️🌤️"
"徐若风","4.5比《你的名字。》还要更感动我，个人目前为止的新海诚最佳。那股“不管天崩地灭我就要见你一面”、“雨一直下也没关系”的劲，虽然的确是令人智熄的，但也爆发出了最纯粹的情感。人要失去很多东西才能在这个世界上活下去，变成所谓的无趣大人，但是在那之前，为了爱，豁出去吧。归根结底，可能我就是吃这一套，狗血到极致，量变也就引发了质变。"
"棍棍","我觉得用《你的名字》的期待来看《天气之子》是一件很不公平的事，就像用自己前女友当做标准来要求现女友一样。它们本就不一样，不需要比较。我喜欢《你的名字》，也喜欢《天气之子》，它们都在不同的时间段陪伴过我给我过喜怒哀乐，这就够了。"
"塩","意外很喜歡這部不僅僅是因為畫面和音樂可能看到這麼不講道理的十五歲內心翻湧起來想要奔跑的慾望還沒有停止大吼大叫放肆地哭和笑追著邏輯漏洞不放手的人未免太沒勁不知道架空麼？"
"木子镜","率先看到《天气之子》内心是真的Rejoice!里面居然提到《YN》里面的主角(小惊喜)!但相比之前《你的名字》有一点点小差距,不过总体故事框架还是比较完整的,后面结尾配乐和画面的搭配真的震撼到我了,害我连忙去买了专辑!(专辑好评),在此不剧透,期待在大陆上映！最后祝,《天气之子》可以大卖!!❤"
"西帕克","如此展现天气的魅力，上一部可能还是锡兰的《适合分手的季节》。东京变幻成热带雨林，不停下坠的少年时代。为了保住一个人，而牺牲掉整个城市。这不是中二，而是对集体至上、大局为重思想，有力的一声“No”。所谓大局，不过是对少数人的另一种压迫。"
"Harry Cang","希望今年能和自己爱的人看到圆满的结局"
"一曲吟逍","离家出走的男孩与晴天少女的奇幻故事。整体来说，优秀的动画电影。在制作上也比之前的作品优秀，有些“只有动画能实现的效果”出现。结局对于观众来说应该会有争议，但是人物角色，其实更像有血有肉的人，是赋予了生命力的角色。看的早上9点的首映场，早上出门的时候还下小雨，乌云密布，看完之后，东京天晴了。顺便说一句，女主的美少年弟弟最后穿了女装；《你的名字》的男女主也有登场。（2019年7月19日观影于上野）"
"儒","新时代的纯爱？诚哥成了啊！十几年的守候没有被辜负，日本软绵绵的新一代创作者有好几个开始有力了，开心！以前觉得他的故事不动情（包括你的名字），万万没想到结合了政治（climatecrisis）话题之后他原本的自我沉溺找到了依托点，终于生成了打动人心的力量，再加上原本就厉害的作画…他怀着为大众写故事（他自己说的）的心倒是完整了自己的个人风格，这样的例子在创作型导演里还挺罕见的。没想到已经被嗤之以鼻很久了的纯爱故事在政治与环境危机下能焕发新生机，新海诚的时代性很可以研究一下。他说的对啊，年轻人没有责任为与自己无关的危机牺牲，先懂小爱再有大爱没毛病啊，这样更可能避免类似所谓“为大局着想、为国家牺牲”的荒谬，人类什么都不拯救世界也不会更疯狂。PS.其实可以理解为Joker故事的另一种讲法"
"杰瑞的胸肌","小地方只有国语配音版，略显违和。画面和配乐加分不少，回去新歌听起来。真挚却又略显笨拙的告白依然最能打动人心。看来我还没有老，还是被这种青涩纯真的恋爱狠狠的感动了一把。"
"贝克街的大盗","纯美爱情故事听BGM看精美壁纸的感觉还是很不错的故事嘛稍微有点狗血"
"康乐股长王紫菜","比起东京，我选择你。对不起，我的中二病还没好，还是没能从新海诚毕业。甚至感觉这一部比君名更有记忆点。不说了我要去官网下载壁纸了"
"无逸 delsino","已经掌握套路的新海诚做出了只有动画才能表现的东西，几次日出恢弘壮丽，有这样的动画人，应该珍惜。就剧情而言，拯救世界隐含着巨大的个人牺牲，人们不知道，或者故意去回避牺牲。只有少年想要追回晴天少女，哪怕东京被大水淹没。诚哥一如既往关注着彼岸，把目光投向被禁闭/围困在遥远世界的人，带领我们与他们相遇。诚哥讨巧的/机智的用自然的循环回避了少年沉重的道德负担，但又让少年自觉选择的责任，塑造了永远为大家祈福天晴/心晴的少女，不断解围封闭自私的个人，而寻求人与人感性的关联。晴天会给人带来意想不到的幸福感，但找到自己的光明之源，哪怕身处阴雨中，也能获得幸福。radwimps的配乐更上层楼，果真在电影院听才有感觉……豆瓣七分略低，五星平衡。令自己满足的观影体验"
"不娘少女","昨天晚上下雨看完电影后今天就天晴啦！"
"陈永仁","好看"
"玛卡巴卡","有因的反叛"
"樱花花花花","还是熟悉的中二新海诚，但是少年的纯真和成年人的冷漠的对比，还是有点戳到我的心。想到自己可能也成为了冷漠的成年人了吧，自己也开始觉得爱情不是人生中最重要的事情了吧，自己也开始学着自以为是地点评这个世界和他人了吧，有一点伤心。"
"东林君","7开头反复出现麦田的守望者。是啊，谁不想像塞林格一样在空中飞呢。麦田讲的也是一个被性欲驱使的男孩，冲动与挫折后被一个小女孩（他妹妹）所拯救的故事。内核和《君》差不多，想象力也因重复而变弱，感染力差很多，还说明配乐的重要性。但故事的主线更让我想起菲茨杰拉德而非塞林格：『跟着钱走，为了爱结婚。』どうしました。何で。泣いている。"
"全致聋","打了很多字又删了。连续下了两周的雨，看到这个电影代入感好强。画面和剧情一如既往的稳。中间男女主在另一个世界相遇的时候，周围很多人都哭了。坐在我前排的大叔一直在抹眼泪。洋次郎的声音响起来的那一刻，我几乎也要哭了。你的名字里的瀧和三葉都在东京生活的很好。三年里他们和我一起长大了。"
"拙棘","不知道让诚哥的世界永远晴天的女孩儿是谁？剧情好棒，爱是一种选择，即便代价是整个世界。"
"风满蜃气楼","3.5从前是要用纯爱改变世界，现在是承认世界原本狂乱而选择纯爱放任世界狂乱；多少算是一点成长？一些小细节还是喜欢的，整体风格确实还是没太大变化。部分引起尴尬，可能是老了。"
"星月","是我要求低吗？我觉得很对胃口，很好看耶……"
"毗沙門儸","剧情结构上，比《你的名字》更有意思，尤其是结局，里面的细节很多，为什么帆高会离家出走，阳菜脖子上的吊坠，稍微思考一下，这部更加有深度，结构面更广，也可以看到导演新海诚对日本现状的态度与期望。东京塔已经是过去，但是东京塔却不断地出现，东京的本来是什么，江户请不要忘记。"
"Sun","天气之子根本就是新海诚版EVA破嘛，从葛城美里/须贺夏美喊“上吧真嗣/帆高”到“把绫波/阳菜还给我”，最后引发第三次冲击/淹没东京也无所谓，一样的配方一样的味道。不过话又说回来，换我我也毁灭……北京。另外注意男主上天那段出现了多次红色精灵！非常美非常罕见的大气现象，射向太空的红色闪电，真是太棒了。部分段落过于硬拗减一分，红色精灵加一分，五星"
"mysticark","看前的普遍差评让我放低了期待，结果没想到反让我感觉尚好。此前这类剧情大多最后是为了顾全大局而让男女主分开，结果新海诚这回就反着来了一次。新海诚相对他这一代动画师还是比较注重细节的，这些即便跟剧情无关看着也是很有意思的，多少弥补了剧情上的不足。"
"tzy","新海诚真是太会选配乐了永远可以在音乐响起的时候让人流泪"
"柳小恨","你为了我拯救世界，我为了你放弃整个世界。格局不及《你名》大气，就像是东京城市一隅发生的小故事，塞了太多日式文学里那些关于爱情、人生、叛逆、宿命的文艺范儿思考。剧情微平淡，高潮太短，结尾归于平凡。突出点是电影画面又上了一个层次，不喜欢雨天，但是雨天转晴的那些画面真的是令人感动不已。同时喜欢里面夹杂的那些关于日本的都市怪谈，神话传说。PS：惊喜的彩蛋很多，新海诚怕不是自己也要弄个动画宇宙啊。再PS：男主造型分分钟让我出戏桐人，以及前辈你太厉害了，下一部出关于你的动画吧……"
"Amiko。柒。","赢了你，丢了世界又何妨～（而且世界本来也不是只有我们在破坏。"
"暹罗copen","剧情还是太简单了，连个转折都没有。备受诟病的结局我个人倒是十分喜欢，想当年的我，也曾经是为了爱情不顾一切，就算世界毁灭也在所不惜的中二少年啊。"
"OCT IO≯","三星半，故事有点单薄，情绪的烘托完全靠配乐，但也算达到预期了。现在真心有点受不了苦大仇深的故事，多一点治愈挺好的……"
"飞檐","（7.5/10）可能真的还是吃这种纯净极致的爱的，看得我老泪纵横。喜欢一些带有神话色彩的设定：“献祭之女”“晴女”“雨女”…三个年龄阶段人物的共性与差异的摸索，选择了最鲜明简单的叙述方式。只是对于灾难的摸索，难免强逻辑。“东京原本就是一片海”，倾向于把它理解为一句追溯本源的寓言性台词，但在贴合到人性的困难抉择上，有些差强人意了。"
"粉粿爵士","现代性史诗。如普罗米修斯一样的盗火少女，消费社会下，日式特有的“幼齿美学”封存下来的爱，皆是现代社会消融已久的“神性”的延续。一场场暴雨带来的奔跑能量，跨越地域与空间的爆炸式共情，这是比光还美的存在吧。"
"横","不是秒五言叶里的温吞情愫，不是君名里超越时间的羁绊，而是“为了和你在一起，淹没东京又如何?”的疯狂与炽烈。试问有几位导演敢拍出如此极端的爱情观?视听层面无可指摘，警察局出逃的那场戏bgm竟然是纯电音，难得在新海诚作品里体验一把“燃”的感觉。(这次的联动，是不是可以期待下新海诚宇宙?)"
"kakakarl","3.5。中二到非常浪漫。就算世界毁灭也无所谓只要在一起谈恋爱就行的价值取向，和歌曲推动的BGM型感动。大于预期，也大于追星小于君名。极其中二的剧本，果然才是新海诚的正常故事能力吧～"
"PomBom","只有我注意到弟弟是个撩妹鬼才吗？而且还穿女装。"
"连锁六号","一部站在“反面”的电影，相对的是自然法则、大多数人利益、人类中心主义，以及如《你的名字》那套“爱能拯救世界亦能挽回你”的正统叙事。因此不难将本片打上反人类、非道德的标签，在成人视角下，其所有论调都是荒唐的、空洞的，它离维持社会发展以及人类文明存续的正义观太遥远。男主角帆高不是没有尝试借用人类活动的必然结果将自身行为合理化，“反正这世界早就失控了”，类似极端环保主义者的口吻。但他最终认可了自己的选择，一个自私的、与世界为敌的选择，却又大胆真诚、富有浪漫色彩。同时，电影亦具有真正的底层关怀，它聚焦两名没有学生身份的青少年，他们依靠匪夷所思的力量在东京偷生，仿佛城市的游魂，就如歌中所写，“为何要让一无所有的我们怀揣梦想？为何让我们对有尽头的人生抱有希望？为何赐予我们的一切只在手中一掠而过？”"
"浮草","“就算大雨让整座城市颠倒我也会给你怀抱”本月眼泪严重透支。我其实并不喜欢新海诚，对他所谓精致画风一点也不感冒，甚至警惕着抵挡着被感动去看。但超出预期，这是继千年女优以后第二部让我动情的动画。不只是少年的倾城之恋，人物关系设置的很好，动容的是自私虚伪恶心的成年人也疯狂起来。凭什么牺牲我心爱的人换你们的世界啊，爱就是少年的全部世界，新海诚以一己之力抵抗了成年世界伪善的集体主义，这是真正意义上的“爱最大”和“我命由我不由天”。"
"干杯","还是应该翻译下题目啊直接写过来很容易误会吧…手纸你会直接写过来吗"
"神仙鱼","「你还是只能写出这种东西吗？」看起来像是一种自嘲。可又怎么样呢？「不，那一天就是我们改变了这个世界的样子，我就是选择了她。」中二么幼稚么任性么，他单纯得让人脸红。7/10"
"風颭雲","達到預期，沒有讓我失望。不過也是意料之中沒有撼動「君の名は。」在我心中至高的地位。個人感覺電影的主題從誠哥以前經常探討的少年情感轉變為少年的自我認知。電影同時也反應了當今年輕人被迫遊走於自身的各種衝動和外界的重重壓力之間。為了尋找屬於自己在雲端上的那一片天空也可以不不計代價。"
"尼侬叁","比你的名字好看一点"
"豆瓣酱","不愧是新海诚"
"戚少商","没在上映初期的梅雨季节看上，今天顶着37度的高温打卡完毕。之前是一个多月的梅雨，最近一周多又是连续大晴天，想想东京最近的天气，就觉得大概只有日本能拍出来这种以晴雨对比作为背景的电影。君名之后的新海诚，玩起现代世界中的巫女故事更加熟练。他标志性的绚丽画面，也依然能把人震晕。哪怕已经有预期，但在大银幕上看到那些消散的雨滴、炫目的阳光以及夜空中绽放的花火，还是会忍不住感叹真香。RADWIMPS的音乐也还是那么撩人，只是插入得有些太满了。比起这些肉眼可见的精彩，剧情就有些太过中二。本来君名的剧情已经有些回暖，然而这次又回去了……男女主一直以对抗成人世界的姿态在怼天怼地，但仔细一想成年人好像也没把他们怎么样，只是反叛期的少年中二爆发而已。换句话说，是中二病撑起了绝大部分的戏剧冲突——来自成年人的呵呵。"
"苹果碳酸水","就冲这个精美的画面，IMAX值了！故事还行吧"
"ykx_akks","「俺はただ、あの人にもう一度、会いたいんだ。」"
"丁小云","“需要牺牲我的爱人才能被拯救的世界就随它去吧，让它毁灭好了。”无意中看到的《天气之子》短评一则……很多人说这部电影三观不正，好像他们能做出一个相反的选择似的……"
"法式曌影","【B－】少男少女的纯爱才是这个世界上最美好的东西啊。略逊于《你的名字。》，其实剧本甚至要更好，将情绪外化成天气成为毁灭的引子比有些不切实际的陨石要高级的多；不过这次新海诚想做的太多了，却终究最多只是个二流导演，想要做到类型杂糅面面俱到，最后却只有一条爱情线做的动人（而且还是不够完美），反倒导致叙事的累赘，削弱了主线的力度；前一小时过于拖沓而后一小时的集中爆发都是叙事的大问题。可难抵主线故事太过凄美，真正的为爱奋不顾身、不惜抛弃这个世界。“我就是想再见她一面”明明这么矫情的台词却居然真真切切的让我动容，当两人在天空重逢划过天际，这就是爱情的力量啊。正是在现实中太难实现，在影像中就更加动人。我又相信爱情了。"
"Cedrick","「你想让这雨停下来吗？」"
"甜甜圈","其实本来对剧情也没太大期待，新海诚的片子嘛，就是看画听音乐的。"
"lost birdyyy","copyandpaste你的名字的套路，啥都不变（就连音乐都还是radwimps？）还想赚钱的诚哥是不是太贪心了？不过画面还是一样精美。そらの上で誰かと繋がる天気の子こと、なんか自然の不思議な力感じる。パパと一緒に見る映画が最高!5☆です"
"逗逼男神","依旧很纯爱，依旧新海诚！精致到无可挑剔的画面、美妙又悦耳的音乐，依旧是少年气十足的纯爱故事。晴天可以人们带来美好的心情，但是没有你的晴天那就毫无意义。如果说几次巧合都归结于缘分，那唯一不太满意的是宏大世界观不完整，占卜师的伏笔潦草的断线-晴女现世了，那雨女呢？"
"天马星","我还蛮喜欢这个失去双亲的少女和离家出走的少年相依为命互相救赎的故事。这个略带现实色彩的故事很难不让人响起《少年的你》，甚至还带点《小偷家族》的影子。当然，这是新海诚的唯美爱情故事，所以不必计较那些船到桥头自然直的桥段与现实格格不入。也许正是《少年的你》和《小偷家族》这样的现实太过悲惨，所以才躲到新海诚的电影里体会善良与美好吧！"
"盲市","静安寺6号口，百美汇静安嘉里中心，5号厅，F排7号8号，侧耳，斜目，扭头，分神，夺眶，心机，应激，踩树叶，响铃铛。//瞎扯一个解读：我的视点全在圭介身上，是另一种「罗纮武」故事，丧妻、女儿抚养权和事业，悲痛消沉，天气叙事，房间积水也挺蔡明亮。圭介只有借着未成年、不理会世俗规则的帆高，再加上「晴女」这样的超自然幻想，才得以对恐惧的阻碍开枪，在铁路上奔跑，甚至不惜水淹东京三年，不管不顾全世界，只为一个目的——与心爱的人相见。这也能够解释，为什么新海诚反常弃用了男女主对半切的叙事套路。至于圭介不自觉的眼泪是释然还是自怨，要看「罗纮武」们的梦是新药还是旧酒，难讲。"
"咸鱼王腐loli","剧本有点弱不过这是诚哥的正常水准你名那是超常发挥前一个小时可以打满分后面开始有点迷但还是好看的特别是bgm和插曲……赞绝这种少男少女的奇幻架空故事还是很戳老阿姨呀(ᵒ̴̶̤໐ᵒ̴̶̤)"
"爱岗敬业小林桑","不管不顾不理性自私的爱情不就是中二的年纪才会做的吗……诚哥宇宙，君名联动～又可以圣地巡礼了！！！求诚哥别再选东京取景了，世界那么大，假期那么少，不想总可着一个地儿玩啊23333这次b站怎么不做活动了，最棒的观影体验只能人生仅此一次么:-)"
"杜若洲","“天气什么的，坏就坏掉好了！”中二却极具反叛意识的呐喊，比之世界，更想要和她一起努力活下去。“世界确实被我们改变了。”遇见你之前，我的人生是阴天；遇见你之后，我的人生变成了晴天。放弃做拯救世界的英雄，这是世界欠我们的，阴霾的日常，不顺遂的离家出走，无处可逃的命运，做出这个选择，不顾一切地让大雨倾盆。"
"罗宋汤之味","星星主要给音乐和动画制作，Radwimps太棒了。每看一部新海诚都会觉得场景作画已经很极致了，然后再看一部居然都可以更极致。但这部的中二成分真的太过，诚哥构造世界的能力实在不足，导致逻辑欠缺只好情感泛滥，尤其在末尾大叔扑向警察的时候到达一个难以忍受的高潮。不过另一方面被淹没的城市与最后的选择又非常华点。真的是每次都给人一种心有余而力不足的感觉啊x（什么时候有可能看诚哥拍一次别人的剧本吗....？xps这次的各种彩蛋还是很绝，尤指花泽绫音和佐仓香菜x"
"京极猫","天气之子的核心就是在讲现在小孩子和大人们之间的距离越来越远，并且这两个世代的人们已经完全失去（放弃）互相理解的机会所以我很理解那些大量说男主中二的人们证明你们都老了"
"Lu","9/14已看，感覺比《你的名字》差點，但是還是一部值得看的動畫電影。有些感情的呈現用力過猛，節奏也偏快。帆高那麼執著的離家出走讓我以為劇情至少會帶到他家庭造成推力的原因，結果末尾他被判保護管束回家，依然不知道他執著離家的原因。雖然說以年輕氣盛、對東京的嚮往和對家鄉親人的不滿等原因激發出的青春壯遊也能解釋啦……但是還是好介意啊。另外畫面表現依舊吸睛，配樂部分跟前部比起來感動性弱些，但也滿好聽的。"
"火山与羊","现实感与童话感纠缠不清，反而哪边都没讨到好，没有统一的逻辑导致剧情发展让人迷惑…但感情线很赞，感性动物送上5星。虽然观后细想我感动的点也没能表现圆满，“舍弃世界只为你”的重点是【世界也重要你也重要，但我偏偏选择你】，可男主好像并没有多在乎世界啊尴尬.jpg但坐在电影院里那一刻就是很感动，感动得真实泪流满面，配乐起码有40%的功劳吧，用电脑看我可能给不出这么高的分。ps：森见的故事永远在京都，新海诚这也快成永恒的东京了…好处就是可以肆意让老角色们出场，以旧补新，以新带旧，计划通（"
"梵目","日本很爱拍这种青春奇幻动画啊，感觉依旧和其他的一样，没有新鲜感了，剧情倒是不错的。"
"山地大猩猩","要女朋友不要东京？？"
"风","和你的名字内核还是类似的画面依然的壁纸化很多人吐槽男主三观有问题我想说如果世界需要两个未成年来拯救那还是毁灭吧爱情至上吧"
"SELVEN","70/100新海诚的作品总是能发散出许多的潜台词来，在这一部里我更多看到的是对集体主义和权威的反抗精神。虽然不乏动人的细节，但不足之处在于情感线略显潦草，奇幻的部分也不够有想象力。"
"秋刀鱼大","如果连十六岁爱着的女孩都没法见到，淹没整个东京也不足为惜；我每天都是以这样的心情祈祷世界灭亡。但我做不成帆高，只能成为须贺先生，努力写完前一天的作业以便在电影院暴哭。"
"Black Tulip","日本式魔幻现实主义+新海氏的独家滤镜+日本特有的二次元下的浪漫和纯爱。我还是会喜欢这样的故事和这样的画面。看来我还没老~"
"徽柔Orchid","非常精彩的动画片。每个人都很可爱。不自觉流泪是人，不自觉下雨是天。没有那么了不起，也没有那么可怜见，我们一起好好生活吧！"
"亲爱的猥琐猪","以为只剩音乐和画面，还好高于预期。在这本该应验雷德利·斯科特《银翼杀手》中濡湿迷蒙的赛博之秋，看到同样湿漉却远在东京的这个晴女爱情故事，回忆起夏末友人亲历海贝思时发来的描述，想到旅游时因为热门碰巧走过的地方。云上有独立生态、天气与人类的关系是不错切入点。也许这个故事严肃起来就会是《小偷家族》混搭《那些离开奥美拉斯的人》，不过高潮处还是安排了非常轻小说的告白，非常热血的日剧跑，以及不免让人想到《天空之城》和《千与千寻》的空中“炫技”。叙述节奏和《你的名字》一致，结构没那么精巧，情感爆点略高于《企鹅公路》。只有诚哥最懂肥宅的梦想是到新世界先遇到会飙车的大姐姐，后遇到超能力小姐姐，顺便救一只猫。水淹东京，平民袭警，是奥运宣传吗（笑）。三叶客串登场字幕打出宫本茂，以为男主想送女主的是NS。"
"koala","“比起全世界的淹没，我选择你。”喜欢雨、喜欢雪，在社会边缘孤独的人，彼此选择的命运的连接，坚定而漫长的耐心，我所喜欢的新海诚，从秒速五厘米到言叶之庭，车窗上缓慢流下的水滴，细微的温暖。“还有什么是爱能做的吗”，插曲中这样唱，然而爱就是这个世界的全部。喜欢他们在奢华酒店的夜晚，他想“我们就只需要这么多，什么更多的也不需要，也请不要再剥夺什么。”"
"Linus Yu","电影本就是一场瑰丽的梦，感谢新海诚让我体会到一种久违的纯真！"
"不辞","黄说，爱不需要逻辑。新海诚的画面也是美到不需要逻辑，我真的很喜欢结局的选择，爱就是自私的啊，世界算什么。以及，我觉得小栗旬配的那个角色绝对和晴女有联系。可能是考研前最后一场电影了。"
"坍塌","现在是和我跑的男生，和我一起去电影院看这部电影。看完出来天气很好，夕阳斜斜，一切完美的刚刚好。（你的名字的短评：估计要是是哪个男生和我一起去电影院看这部电影，我就和他跑了。）"
"KOP🐱⚽","想到哪，编到哪……"
"猫小森","新海诚牛逼我已经说倦了"
"振华的小颖子","无条件给新海诚打分"
"mdr skywalker","个人观看的第一部新海诚作品，画风和配乐果然无敌，让我没有任何抵抗力，故事也规矩地讲完，这场反叛的爱情故事也确实感动满满，可惜结尾有些崩了，观感一下子泄了不少，前面偏慢的叙事节奏也让我一开始有些不适应。（7.5/10）"
"我们敏熙","A+，把东京沉没，只为再与你相见，真实地酸了。为了小我背弃大我，或许只有在这个时代才能显得光明正大。"
"口水软之助","虽然我不喜欢下雨天…但还是败给了那句『比起晴天，更想要你啊！为你自己许愿吧！』只是想和那个人在一起，为什么要妨碍我们，中二的少年少女们改变了世界，但是大人们永远不会懂……挺好的不是吗www烟火大会那段真好看呀~弟弟前辈五星好评！！花泽绫音救命啦wwww我就想知道樱小姐会不会做梦都要笑醒wwwwKaji我都没听出来2333音乐太棒惹超级好听！！！！"
"朱古力","新海诚有自己的视觉独特技艺，难能可贵是始终尊重影像叙事。每次软奇幻设定之下剧情围绕主人公推动有力。算是回应了爱一人还是救世界的母题，十分铿锵有力，少年嘛就该如此，讲什么大道理，好好谈恋爱就好"
"凌麦儿","在新海诚的故事里，少年心气似乎是永远的主题。喜欢你便许你一片晴空，哪怕与全世界为敌只要找到重要的人就好……看到帆高绕着圈圈跑向天台，感觉影院中的成年人都在默默汗颜。几个转阴为晴的瞬间也美好到如同在心里洒下一片阳光。画风更不用说，再一次美到炫目。个人很喜欢。"
"澈南","①去拯救他人的才是最需要被拯救的②你知道就算大雨让这座城市颠倒，我会给你怀抱③奇幻的浪漫主义色彩也只有用在精美绝伦的歌颂青春少男少女的动画片才不会违和吧④我不要世界我只要你的设定实在是太🉑了⑤这么看来我果然小看了汤浅政明的与你共乘🌊之上了诶"
"极圈里的燕鱼","光影色调已经是顶尖行列了，但还是能感觉到新海诚对画面的执着在追求着更大的突破。大都是为他的画面折服，其实我最看中的还是他的故事，迄今为止我认为他最好的作品仍然是出道时的《星之声》，可能那些慕新海诚大名而来的观众对这部电影会大跌眼镜。编导写画集于一身，这种才华我是非常羡慕佩服的，不过他近些年的电影作品好像都把重心放在视觉上，却不自觉地忽视了内涵。主题随着更开阔的构图和更具层次的景深变得立意更高更宏观，随之而来的影响就是对独立个体隐忍情感细腻刻画的流失。节奏把控依然稳健，混音效果依然上佳，画面质感依然堪称完美，尤其是俯角大远景搭配仰角特写的运用给城市拍得十分生动，但剧本甚至比《你的名字》还要孱弱。总之看观众为何而来，来看画面不会失望，来看故事没有惊喜。"
"yezihhh","因为喜欢下雨所以沉醉于《言叶之庭》里面细细的雨而可能也是这份喜欢的缘故亦或是被雨天那绵柔气氛的影响我也喜欢着少年与老师的感情。也是因为下雨所以享受着东京连绵无际的雨季但也惊喜于漫长的雨季突然的放晴更激动于那不顾一切就让这大雨重新冲破一切的时刻。新海诚的作品是那种带着点少年中二气息的电影所以他的电影里始终有可以不顾一切去做想做的事情的决心也许只是少年与少女间的那份好感也许是为了不后悔一件事情必须要做的弥补。我羡慕着这样的冲动所以我依旧享受新海诚的电影。（ps：你的名字乱入新海诚宇宙实锤==）"
"蝌蚪往人","回头看《你的名字》真是完美，本作发展到后半段就开始乏力，成了歌曲串烧配MV。但是，高中生的爱情好棒啊，喜欢就是喜欢，何况是这种倾城之恋。而且有些创作者就是重复，在《你的名字》后，沉迷了几十年“被空间和时间阻隔的恋人”的新海诚终于打破心魔，开始构思全新的故事。比起宫崎骏，新海诚对都市生活充满了热爱，但是像白龙和千寻一样从高空坠落，又完成了宫崎骏毁灭东京的夙愿，是不是又是一种冥冥之中的交接仪式。全新的新海诚已经到来，未来大有可为。"
"王小叶儿","这不是一个宣扬为爱可以牺牲整个世界的故事，而是一个让我们用爱赢得世界的故事。大雨持续，不过是日系世界末日的浪漫化，和后天、生化危机并没有本质区别，寄希望于一人逆转一切本就是虚妄，人类这过客怎能赢过时空的永恒，他不惜一切唤回她本就无可厚非。可如果电影就停在这里，仍不免像个带有讲述爱高于一切嫌疑的平庸故事，偏偏死里逃生的她依旧像过去一样使用着自己能力，并没有因为恐惧消失而停止，这才是真正彰显新海诚功力之处。晴女从不后悔自己的选择，不后悔于爱。晴女的产生源自于爱，是上天意外给予的有代价的恩赐，只不过他们的爱战胜了这代价，换句话说，这一切都是他们跟上天赢来的。新海诚在说，爱是渺小的人类对抗宿命与时间唯一的方式，可不保证有效，可不有效，我们也要爱啊。此等温婉含蓄之真心，唯永恒的少年新海诚能给予。"
"是真实存在的难","第二次枪响以后，世界一片寂静，洋次郎的歌愛にできることはまだあるかい缓缓出来:孑然一身地诞生的我/在永恒的缝隙之间/痛苦的打滚着…握着枪的男孩儿放声大哭:“我只是想，再次见她一面啊”。这里太好哭了😭世界毁灭就毁灭吧，怎么办我就是想要你啊。没有拯救世界而是选择了自己心爱的女孩子，这才是大多数普通男孩儿吧。11.3二刷BGM我给一百分！！"
"猪头妖怪","感觉又比前作《你的名字》弱了一点点，结尾尤其如此，可还是足够好看的。全片都涌动着一股“我喜欢你，哪管这世界洪水滔天”的少年心气。或许幼稚，但这样一种清澈见底的单纯，不正是四平八稳的成年人世界里最稀缺的东西嘛？"
"Akiko","“这个世界已经够疯狂的了。”陷入恋爱中的人如此说道。野田洋次郎本当牛逼。完全能理解男主角两次举枪的心情，为什么连见喜欢的人都要被阻止，大人们根本什么都不懂。明知道不可能发生的剧情，但我愿意相信这两小时。"
"海月梦香","故事细节并没有多好，甚至有些地方的演出也不够出色，但是，但是我就是喜欢啊，既然喜欢，那当然得打五星了。就像帆高选择阳菜的任性一样，这是我的任性。"
"铎奇","泷和三叶出场的时候全场awww.影片结束的时候有贴新海诚的interview，他说时间线是在泷和三叶相遇之前，两个普通人过着普通的生活。然后看电影后面就是少女心砰砰跳，好想变年轻啊！@AMC19,Boston,MA.1/16/2020"
"千反田奉太郎","明明很感人的故事呀~两个孤独的年轻人在繁华的大都市漂泊，机缘巧合之下的偶遇，相互依偎的故事，应该能引起当下许多人的共鸣吧~"
"年逝","最好的一部新海诚，这才是因秒速而爱上的那个新海诚。中二到极致偏执到极致，简单粗暴的剧情倒比你的名字舒服的多。画面不仅是一如既往的壁纸风美，以前新海诚都只是着重于一些局部的地标性风景，这次他展示出了一整个大东京。几乎可以做城市宣传片了。壮美到泪目。私心隐喻出来的东西就如同只有两个人知晓的秘密一般不可言喻，深藏于心底。谁知道一切是不是只是幻觉呢，也说不定。毕竟这一部也很脚踏实地了，少年的艰难，生活的不易，法律和秩序的无情，统统没有回避。三年后依然是个笨蛋，三十年后当依旧。"
"超人叔叔","AKA情迷东京下雨天夏日的雨水和阳光一个都不能少而钢筋都市丛林中总有个尚未崩坏的地方让相互羁绊的人们走到一起；有种整个东京都被搬来的感觉IMAX2D25"
"旺仔 小馒头","虽然对新海诚不怎么感冒也没能对里面描述的少年少女激情澎湃的青春感同身受但题材和电影构造我还是比较喜欢的不愧是诚哥太能抓住懵懂的爱意了在这个作品中我能有共鸣的场景在他们逃避警察追捕住在2w一夜的豪华酒店里男主说过要是时间能停格在这一刻该多好唤醒了我孩童的心作为社会人的我想的是要是能有钱就好了就能够将瞬间美好化为永恒当知道现实后男女主相拥而涕那段我也是有所触动家庭的不幸是不能选择的那种悲哀感就像看白夜行那会充斥我的心后面男主不顾整个东京的气候想带回他想一起生活的女主是可以理解的自己未来的命运可以选择的！！面对夸张放大矫揉造作情绪又能带动老阿姨热血的诚哥我只能服着买单！！"
"Neroat","好看。剧情三星，画面四星，音乐五星，看完觉得挺满足。你的名字里的男女主友情客串，片尾的小栗旬让我吃惊哈哈哈哈，我完全没听出来。不过三叶为啥翻译成宫本茂啊？希望原声OST早点出，太喜欢了。"
"baobaodu","三年之后壁纸狂魔新海诚携新作《天气之子》空降传媒大学和首映礼。16岁初闯东京中二少年为爱狂奔的故事依然美如画。已经听了百遍的Radwimps配乐和剧情配合得天衣无缝。“满怀期待的冲吧我们肩并着肩无论遇到什么困难总会有办法。”"
"Ou","新海诚的《十二宫》。"
"愿你善良并坚强","与思讳环球影城。虽说不如你的名字但算了说不出剧情哪里好的还过得去吧（木鱼，长大之前再任性一次！）"
"神山樹","“你知道就算大雨让这座城市颠倒我会给你怀抱”"
"Welp","看哭了，年度十佳。"
"Saudade","《言叶之庭》没下完的雨，《追逐繁星的孩子》没在异世界见到的人，《你的名字。》没能撒手不管的世界。天空、云层、铁路、信号灯、航空载具，女主角的脚，你所能想到的，都有，昆汀的遗憾诚哥也一并能补上。英文片名Weatheringwithyou→与你共经风雨/应天气而变，还是挺巧的。"
"Pauline","这才叫正宗的，我保护你"
"啊咧咧好奇怪啊","一个人拿三份工资实在是不容易但是下次编剧的钱可以不要省吗…"
"JeffDelon","在男主选择拯救女主的一刻，女主此前“给人带来晴天与欢乐”的人生意义轰然倒塌，或许会有人谓之“自私”或“偏执”，但爱至如此纯粹极致，必然如此。"
"周呵呵🦉","新海诚宇宙警告🤔"
"友人A克劳德。","2020.01.16。为了你与世界为敌不正是这个中二年纪的少年会做的事吗。诚哥就是诚哥，作画真的太棒了。立花泷和三叶出来的时候的确是吃惊了一下。新海诚东京宇宙正式开启了吗。不过北美片尾采访诚哥明确表示东京都被他弄沉了以后可能不会把故事设定在东京了lol"
"阿milk","全程精彩。片尾曲中四周人在擦泪。还是我们熟悉的，不谙世故羞涩内敛的新海诚。近两年每部新作都是一个大的飞跃，甚至觉得自己有点跟不上他成长的步伐了。19岁时第一次接触他，那时“她和她的猫”还只是全长5分钟青涩的个人制作。谁能想到十年后他飙车戏都驾轻就熟了呢。依旧只适合影院巨屏观看，屏屏美到窒息。只希望他不要火地太快，希望他慢慢成长为我们这一代人的宫崎骏。"
"东京biang哥","非常喜欢，放飞自我"
"玉君","完璧ではないけど泣いてしまった。颠覆世界的顽固和孤独者的「自戕」，这是早期也是最本物的新海诚。僕たちにできることはまだあるかい？"
"楊不歡","單一成長視角的都市童話，清新甜膩，年輕就是不被全世界理解，熱血地追求一些看似不可能的東西，成人世界都是傻逼。成人還會嘲笑這種視角，但是年輕人除了電影和彼此，也沒有更多的了。"
"匡匡","我一直觉得日本这个民族奇怪得狠，迷恋青春题材到不可思议，许多创作者一把年纪了仍在写青春小说拍青春剧，一生延续着这一情结，随口报一下，大概可以数出一个连。是以，我从来不关心新海诚讲什么故事，反正看完也是忘得一干二净，基本上记不住几毛钱。作为画风控，控的是那海量的细节，共同堆叠出一个原汁原味、丝毫不打折扣的“霓虹国”，里面飘着霓虹国的状态和空气，看得简直可以沉溺在里边。而且不得不提新海诚的镜头感是真的好啊，分镜漂亮得行云流水，有些时候能让观者代入到几乎有眩晕感，不输今敏。"
"大聪看电影","东京旅游宣传片AAAAA+。画风和意境依然很新海诚，而且感觉新海诚又出了一张新音乐专辑。影片更多是放在主角帆高心境上，正如一开始帆高的内心独白。而一直悬在空中的主线故事被打散，导演刻意避开所谓的类型，让大家看到更独特的新海诚电影语言，爱的人会很爱，看不惯的人应该会很排斥。对了，《天气之子》还加入了《你的名字》彩蛋，难道要组成新海诚宇宙吗。"
"yu","结局很好，"
"居无间","比《你的名字》要好，不再依赖波折的剧情，更加日常，更自信了。影片全由一股「少年气」在撑着。少年气，是内心自成宇宙的浪漫，是为了所爱可以颠倒世界的孤勇。高潮段落戴着手铐，倒挂着疾速坠落，冲向现实的世界，被这神来之笔完全震住。主人公所思所想，都是为留住少年时刻，而反抗、追逐、视死如归都是自然而然的。这个段落让人联想到《功夫》，电影里的华彩，要像这样处理成意象，才会让人永志不忘。"
"恶猫的步调","哇塞，感觉新海诚这次真的拍了个不得了的东西！其实我的剧情展开预期是类似全民超人汉考克那样的，这是一个100%晴女与100%雨男相遇的故事……他们如果在一起，世界就会毁灭，然后东京淹没就可以淹得理所当然了。"
"内陆飞鱼","比起《你的名字》，故事确实单薄了一些，一小时能说完的事情，拖了两小时，但被纯洁无瑕、勇敢向前的少年心气感动，通透得似有氧气扑面而来的画面异常迷人，东京变成远古时代的汪洋大海，是海枯石烂的浪漫童话，雨下不停，爱意不灭，青空之下，拥你在怀。论纯爱无敌，还是东瀛第一。“噢乖那些雨真把句子弄得湿透了，我感觉到我们整个就要溶解了我们站在雨里，噢乖我们整个在雨里好想把话说清楚，噢乖我们整个在雨里，如果摇晃就要化成雾”……"
"舌在足矣","完全没有想到，仅仅三年之后，新海诚就来了一个180度的大转弯。抛却所有的社会身份而回归个体最私人的情感，这才是真正的青春年少嘛。2D画风与3D虚拟镜头更加完美的结合与出色的声音设计，还有如此激进的态度，都可以让人忽略完成度略输前作的瑕疵"
"字母君","比《你的名字》好，为爱毁灭世界总是比为爱拯救世界浪漫多了。"
"朝阳区陆依萍","就算大雨让这座城市颠倒，我会给你怀抱。"
"山下林","少年离家出走时带了村上春树翻译的CatcherintheRye，志向做和卡夫卡一样世界上最坚强的16岁少年。在新海诚的世界里再次走过新宿的歌舞伎町，客引き的小哥念出熟悉的台词；涉谷的街头还是人潮涌动，站在台场的海边便可望见彩虹大桥；六本木hills的顶楼眺望铁塔天空树，在与世隔绝的银座咖啡厅闻到咖啡香。下雨的那天坐上JR山手线，车厢空调里吹出来潮湿的冷气，连味道都是那么熟悉。新宿御苑，言叶之庭里爱上梅雨；代代木的拆迁大楼顶，遇见百分百天晴的女孩。"
"文森Vincent","相比还在宫崎骏阴翳下苦寻新出口的细田守，新海诚已经发展出独属于自我的成熟创作体系：他的动画由一种阶段性的男性视角所推动，被男性凝视、男性气质的电影基调，以及性别化的价值观包裹。《天气之子》某种程度上是新海诚对《秒速五厘米》、《言叶之庭》这些作品中可怜又可悲的写实爱情伦理观的大胆回应：在极致的青春、极致的爱情面前，“理性”和“现实”不过是空洞又无聊的概念，正值青春的人应当迷惘，应当勇敢，应当可爱。为爱“水漫日本”那又如何，“自私”是恋爱者们的特权。★★★★"
"路西法尔","两颗有觉悟的小韭菜"
"RINGO","在结尾之前得节奏都很好，比你的名字还好，只不过我希望新海诚下一部动画：1.不要让高中生改变世界2.不要用radwimps做配乐。配方太相似，不可能再吃第三次了。"
")づ.,……@","结尾点睛之笔"
"王俊俊","眼泪一直流。主要我洋次郎的歌词总是一句话就写出我的内心。一开口我就哭，一开口我就哭。真想一辈子做少年。不要为世界祈愿了，为自己祈愿吧。。"
"Ada的B计划","爱。"
"小目标","有一种单身叫从《你的名字》到《天气之子》3年了还没有去看买了早场票一个去看一个单身狗最后的尊严"
"周沐君","比君名要好。东京被水淹了就淹了，只要别妨碍我谈恋爱就行。这种直截了当的态度太适合拍电影了。"
"DJ严东东","除了见你，我什么都可以不要，天气可以不再放晴，街道可以不再换上新装；为了见你，不顾一切奔到跃向云彩的鸟居，爱能做到的还有什么，只有我可以治疗你透明的命运。天气能够影响人们的心情，但看到阳菜雨天也可以露出幸福而开心的微笑。《天气之子》诚然有一些小细节上的缺憾和情节略突兀的地方，但是电影的唯美与无比动人的热烈可以将这一切都治愈！不合口味的总会不喜欢，喜欢的总是无比激动。说它矫情的还是不能被温暖的阳菜触动，但我们这些人就是疯狂地追逐这份真挚，我就是矫情。等到东京沉没之前一定要去一次这座城市。再等四年看新海诚的下一部，永远等下一个四年，再和你一起看吧。不管雨天还是晴天，以后可能抬头都会想到天气之子就是阳菜。"
"江声走🔒","哎呀纯爱porn，看着看着觉得好羞耻哈哈哈。看到两个蛮新鲜的点：1、之前日本动画的幕后外包人员会有很多韩国人，这次出现了很多中国人和越南人的名字。2、我在一个小镇电影院看的，但所有观众都看完了最后的演职字幕，没有一个人离开，有点震惊。是歌选得好的缘故吗？"
"BruceWayne","1.画面太美啦。2.新瓶子装的老酒，新故事却很新海诚，满满都是你的名字。但是能猜到故事结局还是会被感动。3.跑到天上去的那一段太美了，是在致敬宫崎骏的天空之城吧。4.最最充满仪式感的要数对东京的神还原吧！电车，新宿，歌舞伎町等。这次圣地巡礼就方便多了。5.对看到那些青春偶像剧就已经犯尴尬的我来说，天气之子跟你的名字一样具有让我想回到青春时代的魔力。6.电影是造梦的机器，两小时的旅途很快乐，伴随着故事一起。最后，好看。"
"koukou.VS.靠靠","为了不被剧透早早的看了。至于是否要n刷...有点犹豫。重点是，不要比较，纯粹去欣赏！"
"松子哥","你的名字的男女主都出现了诶"
"Ken Freeman","比起晴空，我更需要的是你。将理性抛在身后，回归到青少年的那种最纯粹的情感冲动。拯救不了世界，至少能够守护住你。"
"雀危","这个世界上还有许多爱能够做到的事情，还有许多只有爱才能做的事情。新海诚在我心中是永远的少年导演，经历了那些年青春期压抑苦涩的少年悲剧篇，最近的几部电影终于走向了用热血勇气战胜人生苦难的少年真心。作画演出都近乎完美了，虽然可能出于商业的考虑叙事结构是非常模式化的，但就内核而言我想相比君名，应当可以引起更多人的共鸣。毕竟每个人都要在青春期面临这庞然现实的倾轧，理想与能力的矛盾，但却不是每个人都选择了用爱拯救这一切。"
"胡了了","太好看了！新海诚目前最好的作品！超越前作！让人无法抵挡的童话故事！世界系的巅峰！日式海的女儿，东京的晚明至情文学！新海诚的动画是这个时代的大俗大雅、返璞归真！"
"一枚蒹葭","讨厌的大人，存天理灭人欲的集体主义家庭主义都食屎啦！不要拦着我们追梦谈恋爱！"
"天然","故事逻辑一泡污;但看完心情很好;宅男新海诚对集体主义者的深刻批判;价值观古典得像《新白娘子传奇》现代人都比较理性讲大义不买账;女主女二都很喜欢;东京真漂亮;多年后估计不记得主线剧情只记得女二说"你看我胸了"和三个人住酒店的桥段;看完想住贵的酒店。"
"(! . !)","连看两部新片，都是少年互助，大人们在见鬼。🙄//爱人和天空，喜欢这种对应。面对天气变化，思念爱人。想起读帕慕克的《雪》时，对诸多下雪场景的描述，心中有平静正在升起，两个人离世界的中心是如此的遥远，以至于谁也不想到那个地方去。那种静谧是他们人生中最幸福的时刻。"
"Yang","美好单纯和冲动都在青春，在这两个小时里放下一切成熟和眼光回到肆无忌惮的年纪吧。居住在理性里的人们居然在这样美丽的诗句里找寻他们的逻辑和规则，但青春没有逻辑，爱没有形式。以电影外的理性去看，这是幼稚的不可理喻的，无法去理解无法去感受，只能通过最纯粹的利害关系去评判这种价值观的存在。而在另一种视角看来，这是一部在内核上提纯的人生寓言，是理性和感性。用这种对世界的背叛换来我们的存在，如此感性，如此疯狂，如此反社会，又如此美好：哪怕天天倾盆大雨，只要有你便是晴天。"
"九命猫","生命中的每一次相遇，都是久别重逢。纵使梦境会消散，也依旧斩不断你在我心中的羁绊。你就是我，我就是你，你是我的另一个自己。气象变化混乱的时代中，受到命运摆布的少年少女“选择”自己生存方式的故事，虽然音乐有RADWIMPS的背景音乐铺垫，声优阵容也有演技超棒的小粟旬等人配音，新海诚系列电影的“通病”镜头也依旧那么美如壁纸，但欠缺在与前一部作品《你的名字。》相比，这次在东京的超前观影《天气之子》的总体剧情与故事述说，无论是人设，音乐，声优，故事线索，细节还差太多。四星鼓励这个以制作个人动画为主，绚丽的2D动画效果配合近乎完美节奏感，逐步走向成功路的日本动画新人导演，新海诚！！！"
"思想实验","能懂那种为了一个人放弃全世界的感觉，很中二，很青春，我喜！女主一开始的年上感真好啊，浴衣祈祷烟火大会放晴那段太美了，环拍烟花绽放真是美不胜收！太喜欢弟弟了！前辈233三人住豪华套房那段真可爱，明知道不可能就这样继续，但是那一夜的狂欢是那么的鼓舞人心。话说警局防范意识好差，居然被高中生就轻易逃出。笑点还蛮多的，比如男主做系了一堆晴天娃娃的伞给女主、弟弟穿晴天娃娃的玩偶服、男主从警察胯下逃脱、小雨3年后巨肥等。话说这部依旧有经典的日剧跑，看男主跑的时候我也莫名有了想跑的冲动，有时就是不停地跑会很痛快呢（虽然片中并不是这种心情）。不过这次剧情其实还蛮简单的，如果不是这种画面这种音乐可能就没那么喜欢了吧……但至少现在，我还是喜欢。二刷看到三年后阳菜在坂道上祈祷那一幕配合着bgm真的很感动……"
"千阳瑜","从电影院出来，后边两个人聊得热火朝天：宫崎骏不行，拍了些啥玩意。然后接连叹气。"
"拉不儿搜","不禁感叹新海诚动画之好什么世界呀灾难呀在少年中二之下完全不值一提电影感增强了视听更为纯熟相较之谄媚的《你的名字》而言《天气之子》回归了更纯粹的一面动漫嘛在乎那么多世界观干嘛爽就完事儿"
"左月水草","还是爱的画面"
"Half of Daniel","这故事真的太扯，太矫情了，但我还是哭得一把鼻涕一把泪。新海诚应该是最会写少年的导演，他笔下的少年：蠢、傻逼、一根筋，但永远赤诚和勇敢。成年人的世界总是唯唯诺诺、犹犹豫豫，害怕穷、害怕坐牢、害怕失去，而他的少年敢身无分文离家出走到东京，敢开枪，敢在警察眼皮底下逃跑，敢只身一人坐车去找和他交换身体的女孩……太他妈傻逼，太他妈中二了，但。"
"小烨","个人觉得比《你的名字》好，画面配乐故事人物我都很喜欢，当中还有很多可爱的台词，这一次的戏剧冲突比新海诚过往所有作品都强。装睡的成年人无法理解的事情和感情，只有少年人愿意相信，“就算大雨让整座城市颠倒，我会给你怀抱”，一如既往地中二。小栗旬的配音也是加分项，《热血高校》里的小栗旬在新海诚的作品里变成泯然众人的大叔，却还是保留了热血，“少年人，放心吧，这个世界本来就很疯狂。”有唯美画面动听配乐、有少年纯粹爱恋、有大胸姐姐在线飞车、有小栗旬教你做人，还要啥自行车啊？那些说故事经不起推敲的，除了少年离家出走的动机没交代以外，其他都是奇幻动画设定啊，要看现实主义题材，为什么不去看文牧野？"
"张害喜","从商业化的角度来说，比《你的名字》更加熟练。制作、音乐、青春都很养眼，虽然槽点很多，但是足以吸引住观众。但是如果新海诚的下一部电影还是这样的奇幻青春片，可能就会让人觉得乏味了。希望诚哥不要迷失自己啊"
"alain.proust","首先想起的是张爱玲：“但是在这不可理喻的世界里，谁知道什么是因，什么是果？谁知道呢，也许就因为要成全她，一个大都市倾覆了。成千上万的人死去，成千上万的人痛苦着，跟着是惊天动地的大改革流苏并不觉得她在历史上的地位有什么微妙之点。她只是笑盈盈地站起身来，将蚊烟香盘踢到桌子底下去。”"
"晚不安","少年的你，如此美丽。少年的爱，如此纯净。孤注一掷、拼尽全力的奔跑，只为寻回让天放晴的她。如《天空之城》般跌落尘世，就算大雨让这座城市颠倒，我会给你怀抱。理直气壮的自私吧，世界在我眼中坍缩成只你一个人。「天空比海洋更加深不可测。这个世界从一开始就是疯狂的。」东京沉没，但爱人重逢。当我知道这种情感离我越来越远以至于永不可及的时候，新海诚依然十年如一日地保持纯真。谢谢电影，也谢谢你。只有那些不可能的爱会抵达永恒。"
"momoka","画面好好看但是不知道为什么看新海诚的故事内心毫无波澜。。"
"塔塔君Minkun","《你的名字。》让我做一回天真的观众，在东宝商业片的“廉价感动”（四方田犬彦语）尽情沐浴感官的痛快，但《天气之子》让我警惕起新海诚的危险。我本来不算喜欢新海诚，本来不期待这片，但偏偏这几年他就是精准地道出了“我们”，即使怎么与人批判影片上的缺陷，都似乎逃不出那个被我意识、探知到的积雨云。"
"有心打扰","又又又被勾引起内心那份对美好爱情的憧憬，又又又被感动哭！那年，雨不停国！我喜欢晴天，但我更喜欢你！"
"堤","赞美偏执。"
"斯多葛的猫-","“你知道吗，这片土地二百年前，本来就是海洋。世界只是在变回它原来的样子。”日本人“向死而生”的信念真的很强，他们会预测到首都直下地震，然后预测有多少人会死；电影里，道路都被淹没了，人们在桥上依旧笑笑闹闹。电影里有《你的名字》的彩蛋，情节有些不自然的地方，但新海诚的画面和洋次郎音乐的配合依旧可以让人忽略那些，配音卡司也真的很强。四星半。"
"明月相依","君名取得巨大成功后，监督在制作下一部作品时必然会有很大压力，监督也早就预料到会出现两极分化的评价。就我而言很是很喜欢天气之子的，虽然跟君名比平淡了不少，但还是有很多熟悉的味道，也有新的探索和尝试，仍能激起很多共鸣。来日方长，希望监督能这样一点点前进下去~"
"小川","很多人说故事很多槽点，可是我真的很喜欢这个故事啊，画面炫美，配上我家野田洋次郎谱写的歌曲，真是美好的热泪盈眶啊～"
"451½°F™","为了爱一个人对抗所谓「全民利益」，以及牺牲人类社会重回自然主义都是无比赞赏的桥段，对于经典「日剧跑」也是毫无抵抗力，少年感十足，蠢萌却勇敢，希望每个人都会有为了「见他/她一面」而放手一搏的勇气。"
"学号06","为什么评论要在一部非现实动漫里谈合理性问题？你们之前看的动漫都有合理性？"
"深夜声噎","天气之女，少年的你，东京淹没，夏美好胸。你保护东京，我保护你。"
"小川叔","没看之前看到很多的影评，写这个片子有点三观不正。去看的时候哭了不下6次。我始终都觉得。不要因为集体的趋同性而抹杀个体。也不要动不动把全世界的命运都放在一个人身上。尤其是，全世界并没有对你温柔以待，可是在世界需要你的时候，却又希望你能鞠躬尽瘁，凭什么？奉献应该是自主的，而不是被绑架的！我觉得结尾还可以再任性一点。现在有一种不温不火的洗白。应该安排遇到那种冲出来的圣母角色，对着小情侣大喊说，难道你们两个就不应该为这样的世界负责或者是愧疚吗？男主直接怼回去说，在让别人替你的世界负责之前，请先为自己负责。这点我不是站在什么爱情至上的立场。我喜欢这个片子和结局！"
"Xavius","以青春恋爱为载体的反都市情结少年成长记。警察代表社会秩序机器，嘲笑男主奔跑的路人是庸凡怯懦的成人世界，男主代表年少的执着和真诚，他的爱可以淹没一座城市，这是新海诚式的大浪漫。二人重逢的欢乐结局可能预示着成长的他们有能力也有勇气去改变世界，又不失初心。超广角的城市和天空景观依然很壮阔，也有日本传统文化元素加持，人物作画的画风更精秀了。因为《你的名字》的高度而期待很高，观后发现期待太高，RADWIMPS的配乐亦未及之前动人。anyway憋了三个月没听的OST终于可以放心听了。"
"iriselite","如果没记错的话，这是我第一次在大银幕前欣赏新海诚的作品，麦当劳小妹（果然是植入广告）的人生巨大反转…一如既往地青春气息浓郁，交织着欢愉、泪水与期盼。老实说，豆瓣现在的评分已经没有太大的参考意义了。烟花绽放的唯美一幕，还有飞翔与坠落的画面久久地停留在脑海中！"
"戴安娜普林斯","刚看完，好结局，大量君名人员客串（泷三叶早椰香敕使，没注意到四叶但片尾名单有四叶），烟花那段太美了"
"红与橙","新海诚杀我，三年前在电脑屏幕前会哭，现如今在大银幕下依然会哭。新海诚是动画的电影作者，是日本当代动画电影的支柱（并不，汤浅政明才是）。"
"一张疯子照","吐槽这部电影世界观的人，内心深处是多羡慕男主最后的呼喊啊！"
"幻蓝","新海诚为何越来越像细田守。一些画面很美，整体有点平淡。但最后的结局，对于一向四平八稳的日系主流ACG来说，极具突破性：没有任何人，应该为世界牺牲自己。极爱这个结局，值得被记入史册"
"思路乐","【B+】抱着《你的名字。》期待观众相比会相当失望，因为全片都是新海诚对主流价值趋向的一种反叛。在边缘世界中寻求着安身之所，在温柔的情愫前想要不被打扰，在外界的逼迫下匆忙逃离，最后在自我价值的赋予和被赋予后，毅然绝然地背弃了这个世界，在这样自私而又癫狂的爱意之间所焕发新生。如此高度寓言化私人化的故事必然是要被观众所隔离的，而这样的设置似乎又让新海诚自己陷入了二十多年前庵野秀明所唾弃的“无能死宅”的尴尬局面。而结局的设置也使得全片在最后一刻显得如此敷衍乏力。但不管怎么说，这仍然是属于新海诚的一次“堂吉诃德”式的价值反叛，以及对自我的“作者性”背叛。极致与极端，也许就在一念间。"
"女宛心兑","还是一贯的新海诚，画面还是那么美，天晴好美，映在男主脸上的彩虹好美。喜欢比起从前告诉我们需要带着失去和遗憾活着的新海诚，告诉我们，在我们还可以不顾一切的时候，不要去牺牲，牺牲不一定是成全，即使结局不好，也说不定只是回到原点。"
"面饼","配乐为剧情加了好多好多好多分，“我只是想再见她一次！”，我也想到新海诚和洋次郎的脑内世界走一走！"
"AMY园","世界の中心に愛を叫ぶって、何か恥ずかしい？超直球、素直、ひねくれてないのは新海誠。満塁でも直球勝負することに敬意を払う。"
"基尔","没有觉得比君名差什么甚至男主拼命奔跑那一段比君名给我的感动更大在那挑什么男主自私的人真的可悲说实话只是现实无法做到如果为了和我真正爱了的人在一起就是代价是地球炸了又能怎么样这就是幻想与虚构超脱现实的魅力啊"
"lawliet","誠哥tnd是个有梦想的人。本来这不就是世界系嘛，没有家人的干预，少年少女的决定跟世界紧密相连，废柴少男被美好少女拯救。结果誠哥tnd，世界什么的，元々狂ってんだ、どうでもいい。あなただけ救えていいんだ。そして、一緒に向き合おう。真tnd有梦想，前半场旁边的哥们儿那个吸鼻子哟我还脚着你至于吗，后半场感受到奥义了，脑子里就这句话：誠哥真tnd有梦想。"
"瑾朵朵","恋爱脑真可怕，在永远下雨的潮湿地方住上半年就会死于抑郁吧"
"OreoOlymLee","#ЕкатеринбургСалют02/11/19"
"prost","爱如潮水，爱如潮水将东京包围（唱）★★★☆依然是不肯把剧本交给别人的新海诚，剧情2/3开始就捉襟见肘为圆而圆强行拔高了。画面依然好评，音效依然好评，希望下部电影BGM给横山克，立花和三叶的酱油让蜗激动了一下下"
"影毒肥佬","水漫東京,竟象白娘子......也是為了愛....現在我卻想愛漫香江,黃婆之瓜.....只貓三年就肥成咁,爆笑.......想像東京人如何撤走......"
"cliosong","（7.5/10）我进影院时下着小雨，出来时雨停了，这个暗示再明显不过了，不再去刷几遍还是人吗？新海诚还在继续关心着年轻人——那些有活力的年轻人——的爱情，并在其中夹杂着超越现实的思考。不过跟之前的《你的名字。》比起来这回叙事的方式要平稳得多，冲击力和剪辑难度也都要小了许多。末尾固定的“为爱狂奔”甚至能看到稍许的力不从心了，几处情节设计得相当突兀。说到跑步，顺手踩一脚漫威，诚哥画笔下这些男孩女孩的奔跑比罗素兄弟爱好的那种不知道要高到哪里去了。还有一点可能很多人有同感，新海诚笔下比这群年轻主角稍长几岁但还没长到一代人的那些女性配角都太有魅力了。"
"艾晨","中二少年的初恋狂想曲。剧情、画面、配乐都可以，只不过情感部分酝酿不够。看在那只和柿子一样变胖的猫的份上多加一星。"
"顗礼","天气的晴雨由祂自己决定，故事到尽头终将回归原点，原本是海的地方，会再次被大雨淹没，偏执反抗下的爱情，亦能开花结果；我们会彻底改变这个世界其实是作者电影嘛，按照这个逻辑范畴来理解就能明白口碑的两极分化了，新海诚跟李安其实是一类人，随和谦逊的表象之下蕴含着无尽的能量与叛逆心，我一直相信的一点是，随和状态的自然流露是以“对自己能力的足够认可”为基础建立的，自信到对世界有所反叛的人才能够真正做到不需要他人认可的谦虚；新海诚在本片中找到了合适的载体与突破口完成了一次对传统价值观的叛逆行为，勇敢而能量满满"
"丸内虐待狂⛱","和《少年的你》说的是一模一样的事情，可能还要更理想主义式愤青一点，少年们的运动方向基本都是逆流或逃亡，叙事上确实一般，但实在是喜欢新海诚作品中的都市质感，相当沉浸（其实只要献祭萧敬腾，就可以皆大欢喜了"
"燃え寸前*","还有能用爱换回你的机会吗？还有我未尽的努力吗？如果有，我会跑着去，不管多远，不论多难。"
"儒雅随和缺德梅","8.4这次勉强接受了新海诚的黑屏和配乐，或许当我知道我讨厌他什么的时候还坚持去看，就意味着我已经做好准备了，甚至想重看《你的名字》。看够了成长，也看够了人物们被世界碾压，这一次就让地球毁灭吧，我们仍然是又中二又浪漫的少年，给我一个女朋友，我也不在乎东京下不下雨。"
"CMGS","这一次新海诚不会被寄刀片了，虽然这个结局依然有点因崔斯汀…感觉上来说这部电影纯商业化放弃了新海诚之前作品的一些套路，后半段节奏控制也一般，但考虑到今年这片的地位，称之为新海诚的千与千寻是不为过的，影片质量差点就差点吧，宫老爷子接班人石锤了。最后君名的彩蛋好评，不过这个时间线上时间之巫女还是败给了天气之巫女啊，下一部怕是要拍第三东京之巫女（子）了吧哈哈哈……"
"残响死灭","一46的人了，还在天天想着自己是个喜欢着大姐姐为了她不惜淹掉整个东京都的16岁少年，他还有救吗？不用各位回答，谁都知道答案——包括他自己。这片子实际上就只表达了一个意思：我没救了。"
"花地","哭成傻逼。放任眼睛下雨，远比翻起白眼强行放晴要成熟。"
"Evarnold","只要新海诚不棒打鸳鸯，我就能算满意。如今搞些新鲜有趣轻小说型设定也挺难的。只要和你在一起，世界毁灭也无所谓。"
"リ","制作精良，但感觉情绪没铺垫到位就突然要拉起来。十几岁少年的任性恋爱思维我已经没法共鸣了，哎，老了。"
"张大水","导演说是受《小偷家族》的影响，但EVA的影响更深吧。探索雨的画法可能也受《恋如雨止》的影响。画的是歌舞伎町，我在东京一半的时间住的地方，好几个爱情酒店的空镜就是每天要走的街。歌舞伎町和援交少女的结合可以看出导演还是想跳脱，触及社会议题，可当歌一响起，这方面的设定就崩塌了。"
"On The Pulse","某些人的鉴赏能力实在让我惊掉下巴。这故事里哪来的“只要我们能恋爱、哪管洪水滔天”的世界观？电影里借着老头老太太的口里说了无数次的观点是，所谓“洪水滔天”无非是站在人类的世界观的描述，什么叫做异常？在千百年的沧海桑田里面，哪有什么永恒不变的东西？个人抓住自己能抓住的东西，有什么错？你说这叫自私？满嘴集体主义、大公无私的说辞往往是对着别人的要求而对自己则双重标准。把视角从庞大叙事放回个体上吧，大自然面前，人本已够渺小了。只希望每一个个体的声音，不要汇聚在一起，化为空洞而狂热的口号。"
"段雪生","出乎私心，打四星。荧幕中日本孩子的爱情总是美而纯粹而疗愈的，因为现实恰恰相反，因此我要加一星，作为一份祭祷。（去他妈的爱人）其实这个电影是借少年和少女无人知晓却伟大的承担与献身，对造成生态崩毁的人类进行温和的控诉。拯救地球，不能只靠牺牲一个雨女，所有人都该付出行动，别再无知和沉默下去——而片中付出行动的只有两个小孩。新海诚不愿这样残酷而冷漠的牺牲，因此最后雨女重回人间。“天气什么的，就让它混乱去吧。”我们的幸福才是最重要的。"
"過期罐頭","幸亏还有日本电影。（with小宇）"
"滕雅望","超治愈"
"Vini_Kazma","三年"
"壹毛镜","永远的云之上，是一种无需多言的共谋关系，新海诚的都市速写太准确，死都要任性的少年气，爱自然发生在麦当劳里：）"
"沉甸甸","是否为了集体而放弃个人，男主做出了坚定选择哈哈哈哈哈哈哈。什么拯救世界，我谈恋爱哪管洪水滔天。"
"空我爱丽丝","新海诚也慢慢走上了细田守的道路……我还是爱那个没有被商业化的你"
"JoeyLu陆柏宇","这类故事最容易让人犯相思病"
"武侠小王子","新海诚选配乐的水准真是世界级的。"
"阿七","前面略无聊，烟火时泪目，结尾时被燃到"
"九命猫@victor-eyes","因为有《少年的你》在，看到对“少年”二字的相同解读，就只能给三星半了。但眼看新海诚本人作品从一个表白都不敢或有爱都不续的怂货发展到为爱勇猛到这么极端任性的地步，也是可以多半星了。"
"小A","少（宅）年（男）的奋不顾身。新海诚以前是科幻爱情，现在是玄学爱情。他还是少年，但他的电影已经没有了《秒五》娓娓道来直击人心的痛感。《秒五》精美的画面和人物情绪紧密相连；本片台词反复提到人物和天气相连，画面反而沦为奇观，和人心隔着一堵墙。音乐非常好，尤其那首GrandEscape很震撼。但野田洋次郎缺少天门《秒五》《繁星》极简主义配器却深邃空灵的旋律。当年的诚哥主动不与天门合作，现在的诚哥已经配不上天门。银幕上阳菜和帆高握手认识，旁边一对情侣也很有仪式感地握手，真羡慕他们的少年之心。"
"第五次散步","在日本的第一场电影神奇的咸爆米花肖邦的降E大调好喜欢时不时地看看你握着你的手然后啃它-7.23in池袋HUMAX"
"迷辛","吃老本的诚哥套路都被我们摸透啦，大型魔幻主义清新爱情动漫，你值得拥有"
"高尔吉亚","很感动啊，虽然世界观有点类似大鱼海棠，会被人批评三观不正，但我喜欢啊！那句“你也希望不下雨么”到最后“管这个世界如何，我只想要你活下来”（大意）我是被感动到了，就足够了啊。"
"任孝恒ShawnRen","《你的名字》升级版，但是音乐退步了。故事教会我们：鸟居不要随便跨，愿望不要许。但大家真的要开始注意环保问题了，现在极端天气问题在现实中也迫在眉睫。"
"望远镜","典型的boymeetsgirl世界系青春剧，君名是男女主谈个恋爱顺便拯救了全村人民，而这部的男女主为了谈个恋爱把整个东京给淹了，微妙……几首人声插曲质量确实不错，不过每到关键场景就插歌这点挺出戏的，整个剧本的气质有种青春期小屁孩特有的自我中心臭，后半段的展开过于都合，可以说是日本警察被黑得最惨的一次了"
"沉默的玩","君名里阻断深层连接（少年人的纯爱）令人落入孤绝世界的是自然法则（时空、天灾以及遗忘），在天子里则换成了社会法则。晴女（赚取酬劳拯救人类的代价是自身消亡）的设定极富意味，巫女献祭向前可塑及现代文明的源头——十字架上的耶稣受难，在当下及未来则触及“企业文化”里996社畜与爱国宣传里的国民牺牲精神母题，这里提出的问题是：一个牺牲个人而获救的世界能以他是神子之名就轻易洗刷原罪么？一个宣扬牺牲奉献依赖把个人当电池而运作的社会系统是正当的么？合法性何在？唯一的瑕疵只在日式羁绊俗套，莫非不如任何人连接的人生就真得毫无价值不成。"
